RMSE,MAE,R2,time,cpu_before(%),cpu_after(%),cpu_occupied(%)
0.7218824625661643,0.4418273568153381,0.7327775955200195,6.290288209915161,12.9,18.1,5.200000000000001
