Accuracy,F1-score,AUC,time,cpu_occupied(%),Memory_Used (MB)
0.8123667377398721,0.5862068965517241,0.8412442322822088,0.28043413162231445,20.299999999999997,205.96875
