Accuracy,F1-score,AUC,time,cpu_occupied(%),Memory_Used (MB)
0.8123667377398721,0.5862068965517241,0.8412442322822088,0.25260019302368164,343.8,206.35546875
0.8123667377398721,0.5862068965517241,0.8412442322822088,0.2748591899871826,311.4,309.0
