Accuracy,F1_score,AUC,time,cpu_before(%),cpu_after(%),cpu_occupied(%)
0.5355444997236042,0.3773549510140523,0.7375580791157327,3.522258281707764,12.9,18.6,5.700000000000001
