Accuracy,F1-score,AUC,time,cpu_occupied(%),Memory_Used (MB)
0.9992275552122467,0.7582417582417582,0.877335055786524,2.6023852825164795,510.9,448.6484375
0.9992275552122467,0.7582417582417582,0.877335055786524,2.5733141899108887,500.0,449.25
