Accuracy,F1-score,AUC,time,cpu_occupied(%),Memory_Used (MB)
0.9992275552122467,0.7582417582417582,0.877335055786524,2.6439547538757324,63.599999999999994,450.00390625
