RMSE,MAE,R2,time,cpu_before(%),cpu_after(%),cpu_occupied(%)
0.4999196928907824,0.3206615780038761,0.8061209004438542,5.299169301986694,18,22,4
