RMSE,MAE,R2,time,cpu_before(%),cpu_after(%),cpu_occupied(%)
0.6068811739245108,0.4497671723365784,0.473527729511261,1.146225929260254,27.7,37.5,9.8
