Accuracy,F1_score,AUC,time,cpu_before(%),cpu_after(%),cpu_occupied(%)
0.8693200663349917,0.8152568932439863,0.9258341317907839,1.303157567977905,19.1,30.3,11.2
