Feature,Importance
relationship,0.4494376480579376
capital-gain,0.1203790605068207
education-num,0.1147378608584404
marital-status,0.0905524492263794
capital-loss,0.06704220920801163
occupation,0.02770287729799747
age,0.02564607001841068
hours-per-week,0.02484841831028461
sex,0.02036462724208832
workclass,0.01580591127276421
native-country,0.01296236179769039
fnlwgt,0.01053476613014936
race,0.01049391739070415
education,0.009491868317127228
