Accuracy,F1_score,AUC,time,cpu_before(%),cpu_after(%),cpu_occupied(%)
0.7521341255207267,0.2208247063221703,0.8735206175395105,138.6402888298035,17.1,24.1,7
