Feature,Importance
alcohol,0.2479032400053604
volatile_acidity,0.1305370466400429
free_sulfur_dioxide,0.09148162604860165
sulphates,0.07869584830730675
total_sulfur_dioxide,0.07381695060561437
residual_sugar,0.06980622977958749
pH,0.06677740178126637
chlorides,0.06483971827540494
density,0.05921913985396168
citric_acid,0.05881413064489736
