RMSE,MAE,R2,time,cpu_before(%),cpu_after(%),cpu_occupied(%)
0.5704622282379035,0.4214692307692308,0.5348189803556702,2.718637466430664,15.7,25.5,9.8
