Accuracy,F1_score,AUC,time,cpu_before(%),cpu_after(%),cpu_occupied(%)
0.5315644002211166,0.3699043069026573,0.7335265065026095,3.525637626647949,20.2,22.2,2
