Accuracy,F1-score,AUC,time,cpu_occupied(%),Memory_Used (MB)
0.7778566359119943,0.5349182763744428,0.8222443110844155,0.25245094299316406,72.89999999999999,186.9921875
