Accuracy,F1-score,AUC,time,cpu_occupied(%),Memory_Used (MB)
0.7778566359119943,0.5349182763744428,0.8222443110844155,0.14586257934570312,477.7,188.5390625
