RMSE,MAE,R2,time,cpu_before(%),cpu_after(%),cpu_occupied(%)
0.5147538052624341,0.3318238096656979,0.7966703607651892,5.293434381484985,17.4,19.1,1.700000000000003
