RMSE,MAE,R2,time,cpu_before(%),cpu_after(%),cpu_occupied(%)
0.5133641186535748,0.3312151215600777,0.8113577741171702,5.299579381942749,16.1,20.9,4.799999999999997
