Accuracy,F1_score,AUC,time,cpu_before(%),cpu_after(%),cpu_occupied(%)
0.9556982177740678,0.9261336499667685,0.9980596687062151,92.97355246543884,12.5,15.7,3.199999999999999
