RMSE,MAE,R2,time,cpu_before(%),cpu_after(%),cpu_occupied(%)
0.4737330562841351,0.3120950115388329,0.8393594171205966,1.405847072601318,39.1,42.6,3.5
