Accuracy,F1_score,AUC,time,cpu_before(%),cpu_after(%),cpu_occupied(%),memory_used(MB)
0.8711823274786366,0.855917684503746,,47.79943227767944,29.5,98.1,68.6,780.98828125
