Sample Fraction,Accuracy,F1-score,AUC,time,cpu_occupied(%),Memory_Used (MB)
0.1,0.740840909090909,0.7571773544405688,0.82220089264628,8.896122455596924,617.8,2970.328125
0.5,0.7407954545454546,0.757710561312718,0.8225754008143588,48.49229192733765,563.6,3589.8046875
1.0,0.7410568181818182,0.7583455466733408,0.8227577969975629,92.11471009254456,595.6,3395.03125
