Accuracy,F1_score,AUC,time,cpu_before(%),cpu_after(%),cpu_occupied(%)
0.906668141103616,0.736513690269055,0.9270785960916795,3.254776477813721,11,16.1,5.100000000000001
