Accuracy,F1_score,AUC,time,cpu_before(%),cpu_after(%),cpu_occupied(%)
0.9010284197721995,0.7329726486084116,0.9274815846820539,1.328110456466675,14.5,23.1,8.600000000000001
