Accuracy,F1-score,AUC,time,cpu_occupied(%),Memory_Used (MB)
0.734775,0.7498030781131346,0.8152461694879402,320.90223598480225,617.9,700.90234375
