Accuracy,F1_score,AUC,time,cpu_before(%),cpu_after(%),cpu_occupied(%)
0.8647550858834464,0.8453492779013337,,15.13556885719299,15.7,18.9,3.199999999999999
