Accuracy,F1_score,AUC,time,cpu_before(%),cpu_after(%),cpu_occupied(%)
0.7744607369684198,0.3255436806376288,,67.22773456573486,14.5,18.6,4.100000000000001
