Accuracy,F1_score,AUC,time,cpu_before(%),cpu_after(%),cpu_occupied(%)
0.8748479823106688,0.8237260512902868,0.9309360093667024,1.214686393737793,20,36.8,16.8
