Feature,Importance
relationship,0.3548803627490997
capital-gain,0.1453845798969269
marital-status,0.1396175622940063
education-num,0.133790135383606
capital-loss,0.05526086315512657
occupation,0.02869851142168045
age,0.02764352969825268
hours-per-week,0.02550347521901131
sex,0.0248127169907093
workclass,0.01693015731871128
race,0.01328989304602146
native-country,0.01259091775864363
fnlwgt,0.01140270568430424
education,0.01019450183957815
