Accuracy,F1_score,AUC,time,cpu_before(%),cpu_after(%),cpu_occupied(%)
0.5302377003869542,0.3710138685126,0.731295698792509,3.451633453369141,14.6,21.3,6.700000000000001
