RMSE,MAE,R2,time,cpu_before(%),cpu_after(%),cpu_occupied(%)
0.4697998136818367,0.3060573592360072,0.8287793329295234,1.174296140670776,16.1,28.5,12.4
