Feature,Importance
relationship,0.3487467169761658
marital-status,0.1571712046861649
capital-gain,0.1523242145776749
education-num,0.1256805509328842
capital-loss,0.05929173901677132
age,0.02696009166538715
occupation,0.02626192010939121
hours-per-week,0.02347616478800774
sex,0.01935625076293945
workclass,0.01612332835793495
race,0.01260733138769865
native-country,0.01175884623080492
fnlwgt,0.01082489546388388
education,0.00941671896725893
