Accuracy,F1_score,AUC,time,cpu_before(%),cpu_after(%),cpu_occupied(%)
0.8718629076838033,0.8186983550668703,0.9283922334206599,1.234821796417236,17.5,22.1,4.600000000000001
