Accuracy,F1-score,AUC,time,cpu_occupied(%),Memory_Used (MB)
0.9995786664794073,0.8666666666666667,0.9629155457202577,100.51675653457642,644.5,448.36328125
