Accuracy,F1-score,AUC,time,cpu_occupied(%),Memory_Used (MB)
0.9995786664794073,0.8666666666666667,0.9629155457202577,98.57577729225159,72.69999999999999,448.9609375
